AAAAAAAAAAAAAAAAAAATGCAGCGGGAG	181	0.50000
AAAAAAAAAAAAAAAAAATGCAGCGGGAGT	286	0.87000
AAAAAAAAAAAAAAAAAATGGCGGCGGCGA	163	0.77000
AAAAAAAAAAAAAAAGCTAACAGCAGGAGT	103	0.12000
AAAAAAAAAAAAAAAGGTACCTTCTGGCCA	286	0.27000
AAAAAAAAAAAAAACACATACCTCGGGGGA	280	0.25000
AAAAAAAAAAAAAAGACTCACAGGTGGACC	417	0.03000
AAAAAAAAAAAAAAGTTTTATGGGCGGATG	14	0.29000
AAAAAAAAAAAAAATAGATATAATTGGCCT	461	0.87000
AAAAAAAAAAAAACACATACCTCGGGGGAT	336	0.53000
AAAAAAAAAAAAACAGTTTTGGGGCGGGGC	36	0.48000
AAAAAAAAAAAAAGAAAGTAATGATGGATA	117	0.32000
AAAAAAAAAAAAAGAGCTTACGGCAGGTTT	119	0.98000
AAAAAAAAAAAAAGGATACAATCTTGGAAT	77	0.49000
AAAAAAAAAAAAAGGATCAGTCCGTGGAGT	276	0.09000
AAAAAAAAAAAACACATACCTCGGGGGATA	341	0.26000
AAAAAAAAAAAACAGTTTTGGGGCGGGGCG	380	0.17000
AAAAAAAAAAAAGCCCTCACCAACTGGGGC	472	0.68000
AAAAAAAAAAAATGCAGCGGGAGTTGGTGG	296	0.90000
AAAAAAAAAAACAAACAGATTATGAGGACT	351	0.69000
AAAAAAAAAAACACTCACATGGGTAGGAGA	489	0.20000
AAAAAAAAAAACAGTTTTGGGGCGGGGCGT	30	0.93000
AAAAAAAAAAACCAATCTTACCTTTGGCAT	12	0.51000
AAAAAAAAAAACCAATGTTAGAAAAGGTTT	304	0.69000
AAAAAAAAAAACGTACCTCATGAATGGTTT	412	0.93000
AAAAAAAAAAACTTACCTCAGTTCTGGAAG	145	0.91000
AAAAAAAAAAAGCCCTCACCAACTGGGGCA	239	0.77000
AAAAAAAAAAAGCTTACCTCTGCCAGGTAG	14	0.06000
AAAAAAAAAAAGGATACTTACAATAGGTCT	9	0.79000
AAAAAAAAAAAGTACCTTGGCTTCCGGATT	109	0.29000
AAAAAAAAAAAGTCACTCACCTGCCGGGAC	5	0.35000
AAAAAAAAAAATTTACCTCTACACAGGCTT	384	0.15000
AAAAAAAAAACAACATGGCTGCAAAGGAGA	79	0.27000
AAAAAAAAAACAAGTCTAGTTCTGTGGTGG	302	0.68000
AAAAAAAAAACAGAGTCTTACTGTTGGCTA	126	0.11000
AAAAAAAAAACCATGGCAGCAAGGCGGATG	20	0.18000
AAAAAAAAAACCTCACTGACCAGGTGGACC	60	0.76000
AAAAAAAAAACTTACAAGTCCAGGAGGTCC	1	0.80000
AAAAAAAAAACTTACCCCTTTGACTGGCCA	228	0.08000
AAAAAAAAAAGAAAAAAGAAGAGAAGGACA	489	0.48000
AAAAAAAAAAGAAAGGATACGTCCTGGTAC	9	0.56000
AAAAAAAAAAGAAATACCTTGAAGAGGTGC	311	0.59000
AAAAAAAAAAGAACTAACCTAGAAAGGCTG	308	0.58000
AAAAAAAAAAGAGAATTGGAAAATAGGACA	21	0.72000
AAAAAAAAAAGCAACCTACCGTCTTGGAAT	114	0.33000
AAAAAAAAAAGCAACTTACCCCCTCGGCTC	363	0.26000
AAAAAAAAAAGCCCTCACCAACTGGGGCAA	57	0.54000
AAAAAAAAAAGCCCTTACCGCATCTGGATA	84	0.99000
AAAAAAAAAAGGACTCACTTGTCTAGGTCA	499	0.87000
AAAAAAAAAAGGCAAAAGAAAATCCGGCCA	313	0.84000
AAAAAAAAAAGGCTTACCAAGGCCAGGAAA	423	0.20000
AAAAAAAAAAGTACTTGCCTTCAAGGGCAG	67	0.50000
AAAAAAAAAAGTATATCATACCCCAGGATC	396	0.72000
AAAAAAAAAAGTCACTCACCTGCCGGGACT	483	0.91000
AAAAAAAAAAGTTTTATGGGCGGATGGAAG	20	0.04000
AAAAAAAAAATCCAGGCCGGCATGAGGGAC	297	0.71000
AAAAAAAAAATCTACTTACGGCAGTGGCTC	95	0.71000
AAAAAAAAAATCTCTCACTTGACTTGGTTT	225	0.47000
AAAAAAAAAATGGCGGCGGCGATTAGGATT	359	0.18000
AAAAAAAAAATTAGCCAGATGTGATGGCGC	352	0.74000
AAAAAAAAACAAGATTATTTGCAAGGGGCA	189	0.07000
AAAAAAAAACACAATCCATATCATGGGGCA	300	0.59000
AAAAAAAAACACAGGAGCTTCTTCAGGAGG	71	0.58000
AAAAAAAAACACCTACTTTGTATCTGGAAC	202	0.98000
AAAAAAAAACAGGTGTTTCCTACTTGGCTG	157	0.10000
AAAAAAAAACTTACCCTCAAAGTATGGTGT	208	0.17000
AAAAAAAAACTTACCTCTGCAATTAGGTCA	297	0.21000
AAAAAAAAACTTGCCTTTAAATCCTGGGAC	348	0.30000
AAAAAAAAAGAAGAAGAAGAAGCAAGGTAA	485	0.47000
AAAAAAAAAGACTTTTACCTTGAGTGGTGA	86	0.43000
AAAAAAAAAGAGCTGGGTTTGGCCTGGGCA	27	0.82000
AAAAAAAAAGATTTTTTCCTCGACAGGATT	87	0.20000
AAAAAAAAAGCCAACTTACCCCCTTGGCTC	133	0.60000
AAAAAAAAAGCCATACCTTTAGTAAGGAAG	382	0.69000
AAAAAAAAAGCCTTACCTTTGTTTTGGGTT	436	0.29000
AAAAAAAAAGCGAGATACCCGAAAAGGCAG	228	0.37000
AAAAAAAAAGCTGCAGCATGGTTAAGGGGC	154	0.73000
AAAAAAAAAGGAGGACATACCAGTTGGGAG	17	0.75000
AAAAAAAAAGGTACCTTCTGGCCAAGGTCA	417	0.36000
AAAAAAAAAGTTACCTGTATTCACAGGAGT	148	0.27000
AAAAAAAAAGTTACTTACAATATATGGTGG	474	0.15000
AAAAAAAAAGTTCTTACTTTAGACAGGAGA	274	0.03000
AAAAAAAAATACATACACAAAATGAGGAAG	170	0.84000
AAAAAAAAATACATACAGTGGAAAAGGAAG	51	0.73000
AAAAAAAAATACCGGAATCTGAAGCGGAAG	175	0.92000
AAAAAAAAATACTGACCATAATTTTGGAGG	321	0.53000
AAAAAAAAATATCACCTGAAGTAAAGGGAT	415	0.09000
AAAAAAAAATATCCTACAAAGTGAAGGAAG	336	0.47000
AAAAAAAAATCCAACTCACCAGTCTGGTCA	99	0.41000
AAAAAAAAATCCAGGCCGGCATGAGGGACA	439	0.79000
AAAAAAAAATCCTACATACCTGGATGGTTA	459	0.72000
AAAAAAAAATCCTCTTACCTCTCCAGGCAG	398	0.65000
AAAAAAAAATCCTGGGACGGCGCCTGGAGA	433	0.90000
AAAAAAAAATCTTACCTGCACACTTGGTCC	303	0.42000
AAAAAAAAATGAAGCCTTTTCCCATGGAGC	3	0.28000
AAAAAAAAATGCAGCGGGAGTTGGTGGGTT	12	0.79000
AAAAAAAAATGCTCCTTACCTTTCAGGCCT	365	0.84000
AAAAAAAAATGGAATCCCCACCATGGGTAC	147	0.14000
AAAAAAAAATGTTTATTTCTTTGTGGGAGT	189	0.76000
AAAAAAAAATTATTTAAGCTTATCAGGAAG	440	0.53000
AAAAAAAAATTCAAGGAGACTTTGAGGCCT	370	0.20000
AAAAAAAAATTCACGTTTCCCGTCTGGCCT	182	0.83000
AAAAAAAAATTGAGTTTGATGATCTGGAAG	306	0.68000
AAAAAAAAATTTACCTTTTTGTTTTGGTTG	64	0.08000
AAAAAAAAATTTTGAAGATTCTTGAGGGTA	194	0.33000
AAAAAAAACAAAAAACCAACCTGAAGGGAA	63	0.25000
AAAAAAAACAAACCGCTGCACAGCTGGCAT	146	0.90000
AAAAAAAACAACATCCCTGGAACTGGGTCT	201	0.19000
AAAAAAAACAACTTACCCCCCTCTAGGTGG	230	0.92000
AAAAAAAACAAGATTATTTGCAAGGGGCAC	423	0.10000
AAAAAAAACAATACCTTAGCACTGAGGGGC	244	0.89000
AAAAAAAACACAATCCATATCATGGGGCAG	305	0.04000
AAAAAAAACACAGTAGGAATCGACAGGTAC	42	0.84000
AAAAAAAACAGATGTGTTTTCCCCTGGACC	217	0.61000
AAAAAAAACAGTTGAGTAGGGATTTGGAGG	37	0.40000
AAAAAAAACAGTTTCACCGGCCAGTGGGGC	53	0.41000
AAAAAAAACCAAATTACCAGAGGTTGGAGA	242	0.90000
AAAAAAAACCAACCCTGATAAAGATGGTAA	379	0.31000
AAAAAAAACCAATTGACCAGAGATTGGAAG	455	0.16000
AAAAAAAACCAGATGGGCCAATACAGGCCA	293	0.32000
AAAAAAAACCATTTACCTGAAAAATGGAAT	62	0.09000
AAAAAAAACCTTACTATCTGACACAGGCAC	71	0.31000
AAAAAAAACGGAAAGCTCAGCCCCAGGACA	109	0.02000
AAAAAAAACGGGTCCGACCTTGAATGGCAA	40	0.41000
AAAAAAAACTAACAATGGTGCCTGTGGAGG	165	0.55000
AAAAAAAACTATAGACATACCTCACGGACT	185	0.33000
AAAAAAAACTCCCTAGGGATAATTTGGCCA	480	0.94000
AAAAAAAACTCTGTAGAGAAAATAAGGCGT	193	0.65000
AAAAAAAACTCTGTCACTGTAGTGTGGTTC	267	0.95000
AAAAAAAACTCTTTCTCACACTGAAGGAAA	275	0.73000
AAAAAAAACTGATAAATGAAAAAAAGGAAA	399	0.33000
AAAAAAAACTTACATTTGGCATCTGGGATA	295	0.01000
AAAAAAAACTTCTTACCTTTGTCTTGGAAT	446	0.61000
AAAAAAAACTTGCCTTTAAATCCTGGGACA	12	0.26000
AAAAAAAAGAAAAAGTCCAGTAACCGGGAA	300	0.09000
AAAAAAAAGAAAATACTTACAGGATGGTCT	172	0.71000
AAAAAAAAGAAACACAAATACTCCTGGATC	418	0.93000
AAAAAAAAGAAAGAGGATGAAGACAGGAGC	86	0.87000
AAAAAAAAGAAAGCCATGACTGTGGGGGAG	419	0.49000
AAAAAAAAGAAATCAGAAGAGGGATGGGCT	27	0.44000
AAAAAAAAGAACAAGTTTACAATATGGAAT	472	0.98000
AAAAAAAAGAACCCTAGAGAGTGCTGGGCT	494	0.46000
AAAAAAAAGAACTTACCTTCTGGATGGGAG	453	0.75000
AAAAAAAAGAAGGAGTGGAAGAGGGGGCCA	476	0.88000
AAAAAAAAGAAGGCTCATTTATAGAGGAAA	76	0.19000
AAAAAAAAGAAGTCACTTCAGACTAGGAAA	323	0.60000
AAAAAAAAGAATAAAGAAGAGGAAAGGTGA	318	0.38000
AAAAAAAAGAATCTGGGGAAAAAGAGGCGT	172	0.92000
AAAAAAAAGAATGGACCAAAATGTGGGCAG	227	0.97000
AAAAAAAAGACTTAGAAGAATCAATGGAAG	0	0.05000
AAAAAAAAGACTTTGAAGACTCAATGGACG	142	0.12000
AAAAAAAAGAGACCACAGTGAAGAAGGCAG	364	0.53000
AAAAAAAAGAGCTGGGTTTGGCCTGGGCAT	148	0.15000
AAAAAAAAGAGCTTCTCCACTTTTGGGAAG	337	0.69000
AAAAAAAAGAGTAGCATACCTGGTAGGTGA	492	0.23000
AAAAAAAAGCAAACTCACTATTCCCGGTGA	51	0.29000
AAAAAAAAGCACACTCACGGCTTCTGGTGT	46	0.97000
AAAAAAAAGCAGTGGTGGCGGCCTTGGGTT	251	0.50000
AAAAAAAAGCCTACTCACCTCTCCCGGCCC	376	0.66000
AAAAAAAAGCCTTACCTTTGTTTTGGGTTC	336	0.45000
AAAAAAAAGCTAATTTTTGCTACTTGGGTT	134	0.18000
AAAAAAAAGCTGCAGCATGGTTAAGGGGCA	476	0.55000
AAAAAAAAGCTTACTGGTTCTGTAAGGGAA	450	0.16000
AAAAAAAAGCTTGCACTTACTCAGAGGGGA	409	0.72000
AAAAAAAAGGAACTTGCCTTTGATTGGATT	345	0.97000
AAAAAAAAGGAAGAGTTGCCTTTGTGGGAG	119	0.47000
AAAAAAAAGGAATTACCTGGGTGAGGGTCT	413	0.92000
AAAAAAAAGGACTTCCACAGTCCTGGGAAC	433	0.74000
AAAAAAAAGGACTTGCCTGTTCTCTGGCGT	184	0.58000
AAAAAAAAGGAGGACATACCAGTTGGGAGT	147	0.31000
AAAAAAAAGGATCCAATTGGTCCTGGGGTT	275	0.23000
AAAAAAAAGGCACTTACTTCTTAGTGGTTC	98	0.87000
AAAAAAAAGGCTGTGCTTCTTGGCTGGCAG	177	0.93000
AAAAAAAAGGCTTTATATGTAAAATGGAGG	58	0.13000
AAAAAAAAGGGGGCCCAGACAAATTGGTTG	395	0.76000
AAAAAAAAGGGTATCATGAAGTAGAGGGAA	298	0.01000
AAAAAAAAGGTAACATGGATGAAAAGGAGG	228	0.48000
AAAAAAAAGTCAGGCTACCTGAAAAGGTGG	201	0.07000
AAAAAAAAGTCCAAAACTCCATTCTGGTTA	94	0.73000
AAAAAAAAGTCCCCCTGGGTCCTGTGGTGG	61	0.39000
AAAAAAAAGTCCTGAGAGCCAGAAGGGCGT	496	0.97000
AAAAAAAAGTCTTACTTCCTGTCTTGGATC	137	0.99000
AAAAAAAAGTGGCTAAATACCAGCTGGTAG	237	0.56000
AAAAAAAAGTGTTACCTTCACCATTGGAAT	450	0.29000
AAAAAAAAGTTACTTACTGGTAACCGGTTG	396	0.91000
AAAAAAAAGTTCAAGGAGACGTTGAGGCCT	154	0.13000
AAAAAAAAGTTTACCTTGCAATCAAGGAGC	454	0.04000
AAAAAAAAGTTTACTTACTTTTCTCGGCAA	338	0.51000
AAAAAAAAGTTTTGGAGAATCAAGTGGAGA	98	0.94000
AAAAAAAATAAATCCACCTCTTGCAGGGTG	441	0.91000
AAAAAAAATAATTCAGATCACATGTGGAGA	92	0.85000
AAAAAAAATACAACAGTTTCTGGAAGGTGA	295	0.52000
AAAAAAAATACAGACCTCTACGAAAGGTAT	183	0.18000
AAAAAAAATACATCGGATGATGTAAGGACT	86	0.85000
AAAAAAAATACCCAATCTATTTGCTGGATT	438	0.95000
AAAAAAAATACCTACCGTCCATTGAGGCAG	145	0.36000
AAAAAAAATACCTATAATACCCTCCGGAAG	63	0.19000
AAAAAAAATACTCACGACCGTATCTGGGGA	474	0.10000
AAAAAAAATAGAATCTGAAAACAAAGGAAT	397	0.60000
AAAAAAAATAGAGAAGAATTAGAAAGGAAA	256	0.41000
AAAAAAAATAGCATCAGAGATATGTGGTGA	348	0.07000
AAAAAAAATAGGAGGCCTGCCAGTCGGAAG	39	0.81000
AAAAAAAATAGGTTCCTGACATAAGGGATG	311	0.34000
AAAAAAAATAGTTTACCTGAGTAAAGGCCT	348	0.16000
AAAAAAAATATCACCTGAAGTAAAGGGATA	64	0.63000
AAAAAAAATATCAGAAAATTAATTTGGACG	138	0.97000
AAAAAAAATATCTTCATGTCCCCAAGGTCA	375	0.37000
AAAAAAAATCAAACATACCTTCGCTGGCAT	330	0.91000
AAAAAAAATCAAGGTGGATGAATATGGCAC	431	0.70000
AAAAAAAATCACTAACTTACCAGTTGGCCA	442	0.55000
AAAAAAAATCAGCATACCTTTGGCAGGATT	223	0.71000
AAAAAAAATCCCAGAAGAAAAACTTGGAAG	255	0.83000
AAAAAAAATCTAGGTTGGAAGAAGCGGCAA	373	0.80000
AAAAAAAATGAAATCCTACCTTTCAGGCTT	137	0.76000
AAAAAAAATGAGACCTTACCAGTTCGGACA	138	0.54000
AAAAAAAATGCAGCGGGAGTTGGTGGGTTA	74	0.51000
AAAAAAAATGCCCACCTGCAGCTCTGGTGA	151	0.80000
AAAAAAAATGCCGCAGCTGAACGGCGGTGG	80	0.31000
AAAAAAAATGCCTAAACTCCTACAAGGCGT	361	0.14000
AAAAAAAATGCTAAAATCAAGACAGGGTAC	222	0.30000
AAAAAAAATGCTGAAGAATGTGAGAGGAAG	76	0.65000
AAAAAAAATGCTGTAGGAACTGAATGGGAC	146	0.64000
AAAAAAAATGGAACAAATAAAAGCAGGGAA	10	0.62000
AAAAAAAATGGGTGCTGATTTGCTTGGATC	393	0.16000
AAAAAAAATGTACCTGCAGTTCCCAGGAAA	10	0.03000
AAAAAAAATGTATTCAAGAGGCAGAGGAGC	251	0.09000
AAAAAAAATGTGGAGGAGGAGTATAGGAAG	349	0.77000
AAAAAAAATGTGTTTCTAGGTTACTGGTTG	17	0.28000
AAAAAAAATGTTAATTTACCTTGATGGGAA	204	0.45000
AAAAAAAATGTTCTCTTATAGGTCTGGAAG	48	0.07000
AAAAAAAATGTTCTTACTGTAATGAGGTCA	472	0.54000
AAAAAAAATTAAAGGTGGAAAAGGGGGAAA	219	0.82000
AAAAAAAATTACCAATATTTTCATTGGTTT	215	0.66000
AAAAAAAATTACCGAGAAATAGCAAGGCTC	344	0.46000
AAAAAAAATTATTGTTTATTCCAACGGGAA	499	0.75000
AAAAAAAATTATTTCTTACCTCTTGGGTGA	112	0.00000
AAAAAAAATTCCACTTCCAGCTGCAGGCTT	470	0.18000
AAAAAAAATTCCAGCAGAGCCGACGGGCTG	85	0.56000
AAAAAAAATTCTGGTCTAAATTGTGGGACT	113	0.16000
AAAAAAAATTGAAGCCTTACAGGTCGGTGC	90	0.18000
AAAAAAAATTGATCCAAACATGAAAGGTAC	317	0.56000
AAAAAAAATTGGAGGCCTTTCCCCTGGGCA	492	0.90000
AAAAAAAATTGGATGTGGCAATTTTGGAGA	382	0.73000
AAAAAAAATTTAAGGAGGTGGCAGAGGCCT	489	0.83000
AAAAAAAATTTCACGTTTCTCGTCTGGCTT	296	0.10000
AAAAAAAATTTCAGAAGAGACTTCAGGAAA	72	0.04000
AAAAAAAATTTCTGTCCACCTAAAGGGTCA	395	0.20000
AAAAAAAATTTTAGAATGAAATCTTGGAAA	249	0.73000
AAAAAAAATTTTGAAGATTCTTGAGGGTAA	253	0.39000
AAAAAAACAAAAAAACTAACCTTAAGGTTA	397	0.63000
AAAAAAACAAAAAACCAACCTGAAGGGAAA	277	0.08000
AAAAAAACAAAAGGAGCCCGACCATGGTGG	296	0.49000
AAAAAAACAAACAGTACCTCGATTTGGGGT	474	0.48000
AAAAAAACAAACCTCTCAAGCAGTTGGTTC	477	0.50000
AAAAAAACAAAGTAAGATTTAAGAAGGTTG	402	0.15000
AAAAAAACAACTTACCCTGTTAACTGGCAG	464	0.91000
AAAAAAACAAGAACAACTTACTCCTGGAGT	50	0.83000
AAAAAAACAAGAAGGATGGATTCAAGGTAA	498	0.97000
AAAAAAACAAGAATCACTTCACTGAGGTGT	163	0.05000
AAAAAAACAAGACCCCAAAGGAAAAGGACA	104	0.61000
AAAAAAACAAGATGGCTGGGGAGTTGGAAG	131	0.80000
AAAAAAACAAGCAAGGCCAAAAAGAGGCTC	126	0.59000
AAAAAAACAAGTCTAGTTCTGTGGTGGAGG	164	0.97000
AAAAAAACAAGTTTACCTTGCATCTGGAGA	64	0.76000
AAAAAAACAAGTTTGCCAGCACCATGGAGT	277	0.71000
AAAAAAACAATACCTTAGCACTGAGGGGCA	454	0.37000
AAAAAAACAATCACAGCAATTTCTTGGTGT	393	0.31000
AAAAAAACAATCACGGCAATTTCCTGGTGT	228	0.81000
AAAAAAACAATCTTTTAAACAGACTGGAGA	214	0.04000
AAAAAAACAATGGTCAAGAAAGTGGGGCCT	185	0.55000
AAAAAAACACAAAACCTACCCTTCAGGCTG	355	0.54000
AAAAAAACACAGACAGAAGTTTGTTGGAAA	209	0.82000
AAAAAAACACATAGCAATTAAAAATGGGCT	86	0.94000
AAAAAAACACATTACATACTCATGTGGTAT	134	0.23000
AAAAAAACACTATCTTCTCAAATAGGGATG	406	0.74000
AAAAAAACACTCCTCCAGCGCTCGGGGAAA	160	0.99000
AAAAAAACAGAAAGTAGATATTGGGGGCAA	171	0.53000
AAAAAAACAGAAATTAAAGTCTACTGGAAT	4	0.53000
AAAAAAACAGAGAAGACAAGATAAAGGCCC	221	0.43000
AAAAAAACAGATGAACTATGATGCAGGCAA	319	0.37000
AAAAAAACAGCAGGGTTATGATGAAGGAGA	340	0.08000
AAAAAAACAGCCCTCCATCTTCCCTGGTAT	290	0.81000
AAAAAAACAGCTCGACTCACTATCAGGGGA	114	0.65000
AAAAAAACAGCTGAGGGATCTCTGTGGACT	166	0.96000
AAAAAAACAGCTGAGTGATCTCTGTGGACT	220	0.33000
AAAAAAACAGGATTCGAGAAAACAAGGTAG	445	0.64000
AAAAAAACAGGCTTACTTTTTCATGGGCAC	95	0.09000
AAAAAAACAGGTGTGGATTACAACTGGCTC	126	0.37000
AAAAAAACAGTCCCCTGGAAGTGGGGGCTG	376	0.75000
AAAAAAACAGTTAAATATGGGAGTTGGGAG	254	0.69000
AAAAAAACAGTTTCACCGGCCAGTGGGGCC	216	0.54000
AAAAAAACATACATGCAATGAATGTGGGAA	402	0.81000
AAAAAAACATATCTGTGGGTAAAATGGTTG	91	0.38000
AAAAAAACATATGAAGACCCATACTGGAAG	378	0.49000
AAAAAAACATCAACTCTTCTTTTCTGGATT	84	0.54000
AAAAAAACATCAGAAACAGAAGGATGGGTG	217	0.64000
AAAAAAACATCAGATAATCCATTTAGGAGA	294	0.92000
AAAAAAACATGAATGTGGAGAATGTGGGAA	204	0.99000
AAAAAAACATGAGAGAATTCATACTGGGGA	29	0.12000
AAAAAAACATGATATCTAAGTTAAAGGTAA	171	0.44000
AAAAAAACATGATGCCAGCAGAGAAGGGCC	215	0.34000
AAAAAAACATGCTCAGTCCCCAGCAGGTTC	469	0.68000
AAAAAAACATTCCTTCGGAACTGAAGGGAA	112	0.25000
AAAAAAACATTTACCTTCACGACATGGCAG	269	0.36000
AAAAAAACATTTTGTAGTATTGGCTGGCTG	363	0.96000
AAAAAAACCACCATGGAAAAGCTAAGGTAT	79	0.59000
AAAAAAACCACTTACTTATTGTTTTGGCTC	97	0.70000
AAAAAAACCAGGAAGCAGATGTCCAGGAAG	2	0.23000
AAAAAAACCATCTGAAGAAGAGACTGGAAC	63	0.51000
AAAAAAACCATTGGTTCACCAAAAAGGATT	127	0.65000
AAAAAAACCCAAGCGTGGTGACCTTGGCCA	48	0.43000
AAAAAAACCCACAGGGTTACCATTTGGATG	361	0.27000
AAAAAAACCCATGAAAAATAAACCAGGTGA	31	0.44000
AAAAAAACCCATGAGATGCAAGGTGGGATG	489	0.93000
AAAAAAACCCCAAAACTTACCAACTGGCAT	163	0.84000
AAAAAAACCCTAAACTTTCCAACCTGGCTC	29	0.84000
AAAAAAACCGACTGGTTCCAGGAGTGGCCA	134	0.39000
AAAAAAACCTACCGTAGGAGAATCCGGTGT	142	0.62000
AAAAAAACCTACCTGAAGACTGCAAGGGTC	406	0.56000
AAAAAAACCTACTTCCTCTTCATCAGGTTC	199	0.57000
AAAAAAACCTCTTTGTTCATCAAATGGCTC	167	0.82000
AAAAAAACCTGATCAGAGTTTTGGAGGTGG	78	0.70000
AAAAAAACCTGTCCCCTGGTGCGGTGGAAT	214	0.84000
AAAAAAACCTTACCATTCTTCTTGAGGAAG	304	0.30000
AAAAAAACCTTATCCAATTTCCGAAGGACT	465	0.25000
AAAAAAACCTTCCCAAGATGGCTGAGGCTT	363	0.71000
AAAAAAACCTTCCTAAAATGGCTGAGGCTT	309	0.33000
AAAAAAACCTTTGAAATATATAGAAGGTGA	359	0.69000
AAAAAAACGAACCTACCCTGGTTTTGGCAT	305	0.62000
AAAAAAACGAGCCCTTCTTACCTCTGGAGG	210	0.28000
AAAAAAACGCACACAATCAGATACTGGTAT	112	0.82000
AAAAAAACGTAAGGAAACCTGAAAAGGCAG	162	0.04000
AAAAAAACGTGACTACCAGCGTCTGGGATG	101	0.09000
AAAAAAACTAAAAAGGGTACTAAGAGGAAA	53	0.94000
AAAAAAACTAAGATCATCAACCTGCGGGAC	306	0.06000
AAAAAAACTACAATGTCAACATTTGGGGTA	25	0.66000
AAAAAAACTACCTACCAAGACTTTGGGGAG	66	0.03000
AAAAAAACTAGAGTTACCTTTAATCGGTTT	479	0.90000
AAAAAAACTATGACCTCCAAGTGCTGGGTA	348	0.97000
AAAAAAACTATGAGAAAGATTTGTTGGATC	457	0.97000
AAAAAAACTATTAGTCCCAGTGTTCGGTTG	217	0.42000
AAAAAAACTCACCAAGACCTGTTTAGGACA	62	0.19000
AAAAAAACTCACCTGAAGCAGGGAAGGTTG	249	0.97000
AAAAAAACTCCCTATCAAAGTCTATGGCCA	106	0.92000
AAAAAAACTCCTGTATGTTCTAACTGGGGA	123	0.57000
AAAAAAACTCGGTCAGTCCCTTGCAGGCTC	187	0.56000
AAAAAAACTCTCTTTTGTATATGCAGGTGA	279	0.85000
AAAAAAACTGAAGAAAAATGGAATTGGCTA	449	0.34000
AAAAAAACTGATTTCTTCTTGTTTCGGATC	319	0.66000
AAAAAAACTGCAAATCGACAGTCTAGGCTC	398	0.20000
AAAAAAACTGCAGACAGACAATCCAGGCTC	19	0.14000
AAAAAAACTGGCAGCGAATGTTACTGGTGC	328	0.13000
AAAAAAACTGGTGCTGAAGGTATTTGGATA	492	0.04000
AAAAAAACTGGTTTTCAGGTCACTTGGGCA	29	0.00000
AAAAAAACTTACACTTGGCCAGCAAGGGGT	148	0.02000
AAAAAAACTTACATGCCCAAGTGTTGGCCC	334	0.29000
AAAAAAACTTACCCAGTGTTCCACAGGGCT	203	0.13000
AAAAAAACTTACCTCAGTTCTGGAAGGAAA	188	0.10000
AAAAAAACTTACTTGGAAGCTTTCTGGGAT	330	0.35000
AAAAAAACTTGATCCTCGAAGAGAAGGTGG	282	0.62000
AAAAAAACTTGATCCTCGGAGAGAAGGAGG	362	0.40000
AAAAAAACTTGCATCATCTTATAGTGGAAT	475	0.49000
AAAAAAACTTGCCTTGTGAACCTCTGGAAT	211	0.81000
AAAAAAACTTGTCGGATTCGGGAGAGGAGC	439	0.25000
AAAAAAACTTTCAGGCTGTCTCACAGGGCA	9	0.81000
AAAAAAACTTTGAAGCTGTCTCCCAGGGCA	262	0.98000
AAAAAAACTTTGACAAATTGAAGATGGATG	432	0.04000
AAAAAAACTTTGACAAGTTGAAGATGGATG	104	0.15000
AAAAAAACTTTGCTGCCAATACTCTGGGTA	277	0.07000
AAAAAAACTTTTTAAAAAGGCAGTGGGGAG	327	0.89000
AAAAAAAGAAAAAAAAAAACAACATGGCTG	456	0.24000
AAAAAAAGAAAAAACACCTACCGATGGAAA	362	0.53000
AAAAAAAGAAAAAGAAAAGGCCGAAGGTCA	254	0.39000
AAAAAAAGAAAAAGAAAAGGTCAAAGGCAA	249	0.30000
AAAAAAAGAAAAAGTCCAATCACCAGGAAT	425	0.20000
AAAAAAAGAAAAAGTCCAGTAACCGGGAAT	87	0.29000
AAAAAAAGAAAAATACCTTGGCCCTGGTAG	238	0.20000
AAAAAAAGAAAAGGAAGAAAACCTCGGTGG	35	0.90000
AAAAAAAGAAACAAGACCAAACTCTGGTCT	320	0.99000
AAAAAAAGAAACATAATAGTACTTTGGAAA	22	0.60000
AAAAAAAGAAACATGCTCAGACCACGGTTT	92	0.74000
AAAAAAAGAAACCAAAGAATTTGGAGGTGC	164	0.15000
AAAAAAAGAAACTCCAGTTTTCTCCGGATA	439	0.04000
AAAAAAAGAAAGATCATTGAGTTCAGGATC	86	0.89000
AAAAAAAGAAAGATTTGGCAAAACAGGTCC	242	0.38000
AAAAAAAGAAAGCAGGAGACACAGCGGGCA	443	0.22000
AAAAAAAGAAAGCCATGACTGTGGGGGAGT	495	0.72000
AAAAAAAGAAAGTGCCTTACTGTAGGGAAA	461	0.46000
AAAAAAAGAAATCAGAAGAGGGATGGGCTA	132	0.57000
AAAAAAAGAAATCCTATACCTGAGAGGACG	384	0.05000
AAAAAAAGAAATGGCATTTTGACTTGGTCT	154	0.23000
AAAAAAAGAACAAATGGAACGCGATGGTTG	489	0.95000
AAAAAAAGAACATACCTATGTTGTAGGAAC	286	0.78000
AAAAAAAGAACATCTTGTTGATATGGGCAT	413	0.05000
AAAAAAAGAACCCTAGAGAGTGCTGGGCTG	264	0.92000
AAAAAAAGAACTTACCTTCTGGATGGGAGG	251	0.67000
AAAAAAAGAAGAAACATATTGACTAGGACT	367	0.12000
AAAAAAAGAAGAAATATATTGGCCAGGGTT	100	0.42000
AAAAAAAGAAGAAATATATTGGCTAGGGTT	179	0.85000
AAAAAAAGAAGACCGTACCACAAAAGGTTA	338	0.31000
AAAAAAAGAAGCTAAATTTGGATTTGGCTG	39	0.28000
AAAAAAAGAAGGAAGGTACTCTGATGGAAG	247	0.51000
AAAAAAAGAAGTAAAAATCTATGTGGGTCT	231	0.17000
AAAAAAAGAAGTTCCCGTGAGTCCTGGTCA	379	0.86000
AAAAAAAGAAGTTTGACAAAGAGACGGAAA	462	0.04000
AAAAAAAGAATGATAATCTTTTAAAGGCTC	142	0.03000
AAAAAAAGACAACAAAGCTGCGATTGGAAA	163	0.16000
AAAAAAAGACAAGGGTACCTATTATGGCTG	450	0.26000
AAAAAAAGACAGGTGTCTCCATGATGGATC	262	0.48000
AAAAAAAGACATGGCATTCTGACTTGGTCT	87	0.05000
AAAAAAAGACCACCAAACTACGACTGGAAA	476	0.11000
AAAAAAAGACTCACAGGTGGACCCTGGGTT	373	0.97000
AAAAAAAGACTCAGCATCCCCCAATGGTCA	319	0.68000
AAAAAAAGACTCTTACCTCAAAGCTGGTGA	392	0.19000
AAAAAAAGACTGAGGAAATCATGAAGGAAG	164	0.80000
AAAAAAAGACTGGCAGCAAGAGTGTGGATG	71	0.48000
AAAAAAAGACTGGTGCGAGGAAGAAGGCTG	490	0.18000
AAAAAAAGAGAAAGAAAGTTTTATTGGAAA	256	0.93000
AAAAAAAGAGAACGTGAACCCGCTGGGCTG	237	0.64000
AAAAAAAGAGAAGGTGTCACTCCCTGGGCA	289	0.52000
AAAAAAAGAGACAAAGACTACAGAAGGAAA	7	0.28000
AAAAAAAGAGATAAAGACTACAGAAGGAAA	28	0.13000
AAAAAAAGAGCAAATGGAACGAGATGGATG	411	0.95000
AAAAAAAGAGCCACAGCAGTGAGGTGGGAG	483	0.06000
AAAAAAAGAGCGACGAGTGCAAGGTGGGTG	140	0.46000
AAAAAAAGAGGATTACCCATAGAAGGGATT	94	0.16000
AAAAAAAGAGTACCTGTGCCTAGTTGGTCA	469	0.00000
AAAAAAAGAGTTACCGATAAAGCCTGGAGC	11	0.75000
AAAAAAAGAGTTTGAAGCTAATTTTGGCAA	358	0.34000
AAAAAAAGAGTTTTACCTCAAGAATGGTAA	305	0.28000
AAAAAAAGATAAATTATGTCTTTCAGGTAC	252	0.12000
AAAAAAAGATACACCGTTGTCGATGGGAAG	274	0.10000
AAAAAAAGATACCTGTCATACTGTTGGGAG	28	0.78000
AAAAAAAGATGAAGCTGGGCAAAGTGGAGT	371	0.22000
AAAAAAAGATGAAGTTGGGCAAAGTGGAGT	342	0.81000
AAAAAAAGATGACACAATTGGAGATGGAAA	203	0.28000
AAAAAAAGATGATGAAGACACAACTGGAAT	115	0.42000
AAAAAAAGATGGTAAAGGGATTAGAGGTTC	416	0.81000
AAAAAAAGATTACCACAACAGATAAGGCAC	153	0.51000
AAAAAAAGATTCACTTACCTCTTGAGGAAA	131	0.96000
AAAAAAAGATTCTGTCAGGGGAAAAGGAGT	467	0.50000
AAAAAAAGATTGCAGAGCTTGAAATGGGAC	102	0.86000
AAAAAAAGCAAATGAAGAAAAAGATGGACC	315	0.15000
AAAAAAAGCACGAAACCACCTTGCTGGGGT	335	0.07000
AAAAAAAGCAGAAACAAGAAGCCAAGGCTA	423	0.42000
AAAAAAAGCAGCTGCTTTCAGAGGAGGAAA	436	0.73000
AAAAAAAGCAGTAAGAGGAGAAAAAGGCGG	209	0.03000
AAAAAAAGCAGTGGTGGCGGCCTTGGGTTG	329	0.38000
AAAAAAAGCATTCGCACCTGAAGTTGGGCC	118	0.28000
AAAAAAAGCCAAGATTAAAATTAAAGGTTA	115	0.78000
AAAAAAAGCCAATTGACCAGCGATTGGAAG	240	0.40000
AAAAAAAGCCCAGCACAGGAGAGCGGGGCC	282	0.77000
AAAAAAAGCCCTTACAATGATTTCAGGTTC	371	0.85000
AAAAAAAGCCGACTTACATGCTTTAGGTGC	7	0.97000
AAAAAAAGCCGTGGCAGCTTCAGGGGGAAG	58	0.84000
AAAAAAAGCCTGAAGACATTAAGAAGGAAG	44	0.09000
AAAAAAAGCCTGCTGGATGCTTGGAGGAAC	268	0.35000
AAAAAAAGCCTTCCGGTCACCCTCTGGCAG	285	0.74000
AAAAAAAGCGAAAGAAAGTTTTGCTGGAAA	237	0.40000
AAAAAAAGCGAAGGTTGGAAGAGGAGGCTC	231	0.40000
AAAAAAAGCGAGTCCTTACCGGGATGGCAC	184	0.28000
AAAAAAAGCGCCTTAGCGCCAGCCAGGCCC	142	0.36000
AAAAAAAGCGCTGCACTTCATCCGCGGAGC	264	0.16000
AAAAAAAGCGCTGTCTCCAGCAGGGGGAAG	377	0.69000
AAAAAAAGCGGGTGCCGTGCTTGGCGGGTT	182	0.16000
AAAAAAAGCGTGATGATTCCAATGAGGACA	353	0.44000
AAAAAAAGCGTTCATAGATAGAATTGGAGG	164	0.52000
AAAAAAAGCTAACAGTTACCTCACAGGGCT	476	0.15000
AAAAAAAGCTAATTTTTGCTACTTGGGTTG	67	0.61000
AAAAAAAGCTATTGCTACCTTCCATGGGAG	492	0.30000
AAAAAAAGCTCGGGCACCACGGGTGGGGGC	425	0.06000
AAAAAAAGCTGAAGGAGGAACATGAGGACG	322	0.34000
AAAAAAAGCTGCAGCATGGTTAAGGGGCAG	483	0.52000
AAAAAAAGCTGGAAAAAGAAGAAGAGGAAA	100	0.38000
AAAAAAAGCTGGTGAGATGCCAGGAGGGAG	312	0.67000
AAAAAAAGCTTAAATTGACCTCAGTGGAGA	184	0.34000
AAAAAAAGCTTACCTCTGCCAGGTAGGTAA	74	0.85000
AAAAAAAGCTTACTGGTTCTGTAAGGGAAG	209	0.85000
AAAAAAAGCTTGCACTTACTCAGAGGGGAA	167	0.46000
AAAAAAAGGAAAAAAGGAAACATGTGGACC	32	0.66000
AAAAAAAGGAAAAGAAAGACAAGAAGGACA	37	0.35000
AAAAAAAGGAAAAGGAAATGCTTTTGGTAA	349	0.11000
AAAAAAAGGAAAGAAAAAATCTGTAGGTCG	84	0.06000
AAAAAAAGGAAATAGCAATCTTACGGGAAA	301	0.62000
AAAAAAAGGAACCAGACAGGATCCAGGACC	190	0.14000
AAAAAAAGGAAGAAGAAGACCAAGGGGTCT	340	0.51000
AAAAAAAGGAAGAGTTGCCTTTGTGGGAGA	235	0.21000
AAAAAAAGGAAGTCATCTTACATCTGGCAT	75	0.86000
AAAAAAAGGAATAGGAGGAAATGGGGGTTT	447	0.40000
AAAAAAAGGACAAAGAGGAGCAGCTGGAGG	310	0.94000
AAAAAAAGGACCTGAAGTAAATCCTGGGAG	346	0.46000
AAAAAAAGGACTACTTCTAGCCAATGGCAG	53	0.69000
AAAAAAAGGACTTACAGACCCGAGTGGAAT	66	0.05000
AAAAAAAGGAGAAAAAACAAGAGGAGGAGG	303	0.83000
AAAAAAAGGAGAAACAGATTGGCTAGGATT	169	0.41000
AAAAAAAGGAGAAACATATTTGGTAGGAGT	181	0.86000
AAAAAAAGGAGAAAGAGAAATCAAAGGATA	291	0.70000
AAAAAAAGGAGAAGAAGAAAAAGAAGGAGA	362	0.74000
AAAAAAAGGAGAAGATGGAGGAGGAGGGTG	43	0.85000
AAAAAAAGGAGATAAGATGTGCCCAGGGTA	256	0.82000
AAAAAAAGGATCCAATTGGTCCTGGGGTTT	246	0.63000
AAAAAAAGGATTTACAGACGCGAGTGGAGT	361	0.52000
AAAAAAAGGATTTTTGCTTCTTCAGGGACT	115	0.90000
AAAAAAAGGCAACAAATCTAAGAAAGGTGA	20	0.13000
AAAAAAAGGCAGCACAAATCTAAAGGGACA	138	0.75000
AAAAAAAGGCATGGCTCCAGATGAAGGAGG	49	0.28000
AAAAAAAGGCCAGACAGTCTTTAAAGGGGC	293	0.38000
AAAAAAAGGCCTCCGATGAAGCAGAGGAAA	277	0.61000
AAAAAAAGGCCTCCGATGAAGCAGAGGAAG	95	0.32000
AAAAAAAGGCTACGTAGGCACTCTGGGGAA	47	0.18000
AAAAAAAGGGAGATTTAATGGAGATGGAAA	148	0.82000
AAAAAAAGGGCTGCTTCCAGCAAGAGGCAT	442	0.80000
AAAAAAAGGGGAAAGCCCTTGAGCTGGGCG	396	0.55000
AAAAAAAGGGGAGTCATTGCTTGGAGGTGA	65	0.63000
AAAAAAAGGGGTGATTTCCTGATGTGGAAA	421	0.74000
AAAAAAAGGGTATCATGAAGTAGAGGGAAA	317	0.97000
AAAAAAAGGGTGAGGATTCCAATCAGGACA	466	0.45000
AAAAAAAGGTCTGCAAGAGAAGAACGGAAA	107	0.32000
AAAAAAAGGTTTACAATACCTTAGGGGGGT	130	0.20000
AAAAAAAGTACAGCACCTTCAATAAGGCTT	402	0.53000
AAAAAAAGTACCATGAGGTGGCATTGGAGG	370	0.37000
AAAAAAAGTAGCAGATGAAACTCCAGGTGA	276	0.89000
AAAAAAAGTATTACCTCATGCCTCAGGGTT	211	0.11000
AAAAAAAGTCAGAAAGGTGCCTCCTGGTTT	88	0.85000
AAAAAAAGTCAGTTACTAACACACAGGGAA	58	0.51000
AAAAAAAGTCCATAAATTTTTCGATGGGAC	48	0.41000
AAAAAAAGTCCCAGTAACCTTTGTTGGGGC	362	0.61000
AAAAAAAGTCCTGTAGCACTCACTTGGAGG	357	0.55000
AAAAAAAGTCGTTGATCGCTTACGTGGGGG	19	0.67000
AAAAAAAGTCTGCAGACTTACTGAAGGAGC	219	0.40000
AAAAAAAGTCTGCTACTACTACGACGGTGA	446	0.22000
AAAAAAAGTCTTACCTTAAATGTCAGGAGA	305	0.11000
AAAAAAAGTCTTGGTGGGGATATGAGGTTC	296	0.92000
AAAAAAAGTGAAGAAGTCTGACTGTGGAGA	207	0.39000
AAAAAAAGTGAGCAAGGCGAAGAATGGGTA	71	0.23000
AAAAAAAGTGGACCTCCTTCCTAAAGGCCA	2	0.24000
AAAAAAAGTGGTCGTAGTAAAAAATGGAAG	451	0.61000
AAAAAAAGTGTAACTACCATGATGTGGGAG	481	0.49000
AAAAAAAGTGTATGAAGAACATCTGGGCCA	270	0.55000
AAAAAAAGTGTGGAATTTCCATTTCGGTGC	292	0.15000
AAAAAAAGTTAGACAGTCAGATACTGGTAG	29	0.33000
AAAAAAAGTTATCTGACTGCTTGCAGGGGA	192	0.37000
AAAAAAAGTTCAGAAATGACTTTTGGGTCC	39	0.01000
AAAAAAAGTTGAAACGAAAAATCCTGGGAC	110	0.68000
AAAAAAATAAAAGAGATGCAGAAAGGGGAG	38	0.89000
AAAAAAATAAAGTATTTGCAGTCTGGGGGC	172	0.48000
AAAAAAATAAATCCACCTCTTGCAGGGTGG	262	0.07000
AAAAAAATAACAAACTTTTTCAGAGGGGAT	79	0.38000
AAAAAAATAACATTCCAGAACCAGTGGTCA	82	0.59000
AAAAAAATAAGCTCACCCAGGATCAGGATC	389	0.62000
AAAAAAATAAGTATCGTCACCAACTGGAAT	227	0.47000
AAAAAAATAAGTCAAAAATACCATTGGATG	214	0.74000
AAAAAAATAAGTCAAGAAAACCACTGGATG	256	0.44000
AAAAAAATAAGTTAAAAAAACCATTGGATG	232	0.28000
AAAAAAATAATCTCACCTGGTTCAAGGTAG	329	0.09000
AAAAAAATAATGGAACTCACCTGTAGGCAA	230	0.25000
AAAAAAATAATTAAGGAAGATCCTCGGTGC	60	0.27000
AAAAAAATACACATTATACCTGGTAGGACA	447	0.32000
AAAAAAATACATACCACTGGTATTTGGACT	105	0.38000
AAAAAAATACCAAAATCCCCCCTGAGGAAT	495	0.14000
AAAAAAATACCACATGCAGATTGTGGGGGA	498	0.04000
AAAAAAATACGCAGAAGATATAGAAGGGAA	44	0.56000
AAAAAAATACTCACCCCCTTCTCCAGGCGT	211	0.07000
AAAAAAATACTCACGACCGTATCTGGGGAA	126	0.05000
AAAAAAATACTCATTTTTGAAAAGAGGCAA	8	0.71000
AAAAAAATACTTAAAAAGTGCAATGGGCGA	320	0.24000
AAAAAAATACTTACTACTTGATTTTGGGCC	162	0.98000
AAAAAAATACTTGCAGAAAATAGTAGGAAA	79	0.37000
AAAAAAATACTTTTCCAAGAGACACGGAAT	319	0.12000
AAAAAAATAGAAGAGACAGATGCAAGGGAA	256	0.72000
AAAAAAATAGACCTGAATTTCTTCAGGGTT	252	0.63000
AAAAAAATAGATTCAAAAGAGATAGGGGCT	31	0.83000
AAAAAAATAGCCAGCCTCAGCTATGGGAGT	328	0.50000
AAAAAAATAGCCTGCCTCAGCTATGGGAGT	192	0.26000
AAAAAAATAGCTGTGTGATTTTGTAGGGAA	161	0.12000
AAAAAAATAGGAAAACTTCATTTATGGAAT	90	0.65000
AAAAAAATAGGATGGAAGAATGGATGGCAA	115	0.81000
AAAAAAATAGGTTTTTTCCTCGACAGGATT	89	0.80000
AAAAAAATATAATAAGGCTGAGTGCGGAGC	324	0.56000
AAAAAAATATACATACGCGGCTGTTGGAAA	280	0.51000
AAAAAAATATCATGGACCTGTATGTGGAGA	93	0.58000
AAAAAAATATGCAGAGAAGTATTCCGGCAT	355	0.26000
AAAAAAATATGCTACTTACTTGATTGGCTA	101	0.27000
AAAAAAATATTTCCTACCCTTTGATGGGTC	239	0.52000
AAAAAAATCAACCAAAGAAAAGGCTGGACC	102	0.86000
AAAAAAATCACAATTGGGAACCACTGGGTG	26	0.85000
AAAAAAATCACTGCCAATTCTACTTGGCAG	13	0.45000
AAAAAAATCAGAAGTCACTGTTTAAGGACC	464	0.02000
AAAAAAATCAGCTGGGTGTGGTGGCGGGTG	319	0.18000
AAAAAAATCAGTGAGCAAGAAAGTAGGTCT	230	0.00000
AAAAAAATCATCACAAAACACAAATGGAGT	5	0.22000
AAAAAAATCATTTAAACCAGATTTTGGAGC	344	0.17000
AAAAAAATCATTTAAACCCGATTTTGGAGC	82	0.12000
AAAAAAATCCAACTGCAAAGGCTCAGGGAT	195	0.69000
AAAAAAATCCAGCTGCAAGGGCTCAGGGAT	267	0.96000
AAAAAAATCCATGTGTTAGGATTTAGGTAA	215	0.92000
AAAAAAATCCCAAACAGAATCCATTGGAGA	174	0.60000
AAAAAAATCCCTTCTCATGTTCAAAGGCAC	50	0.14000
AAAAAAATCCTAACCTCTCAGCATGGGTGT	382	0.70000
AAAAAAATCCTCACCTGCAGGATTTGGTAA	264	0.70000
AAAAAAATCGGAAGATGTTCATGGCGGTTA	489	0.53000
AAAAAAATCGGATGGAAGACCAGGAGGAAA	314	0.21000
AAAAAAATCGTGTGATGCCACAAAAGGACA	245	0.26000
AAAAAAATCTACTTACATCCTTTAGGGTAA	53	0.49000
AAAAAAATCTCACTTACTTTGGATTGGAAG	488	0.47000
AAAAAAATCTCAGGCTCTGATGCTAGGCAG	228	0.07000
AAAAAAATCTCCGAAACCAGTCTGTGGCAA	289	0.91000
AAAAAAATCTGTAGGTTCTGACTGGGGAGA	452	0.67000
AAAAAAATCTGTCAAGTCATAAAAAGGCTA	413	0.21000
AAAAAAATCTTACCAAAATTTGTAAGGTCA	17	0.91000
AAAAAAATCTTACCTGAGCCATTATGGATC	149	0.48000
AAAAAAATCTTCCTCCTTTGGAGGAGGGGA	496	0.03000
AAAAAAATCTTCCTCCTTTGGTGGAGGGGA	32	0.47000
AAAAAAATCTTTAAAACATACCTTTGGAAG	494	0.32000
AAAAAAATCTTTAAAACTTACCTGGGGAAC	19	0.42000
AAAAAAATGAAATTAAGAAAAAGAAGGATA	54	0.83000
AAAAAAATGAACATACCTGATTCCTGGCCA	149	0.99000
AAAAAAATGAACCGAGATTATACAAGGAAT	303	0.20000
AAAAAAATGAAGAACGAAGAAAGGAGGATG	103	0.12000
AAAAAAATGAAGATTTAGGACAGGAGGAAA	381	0.59000
AAAAAAATGAATGAGAAAAGGAAAAGGGAA	325	0.17000
AAAAAAATGAATGCTGTCACCATTTGGTAG	281	0.08000
AAAAAAATGAGCCTACCTCTTCCAAGGTAG	287	0.37000
AAAAAAATGAGGAAAGTCAACTGGAGGAAG	93	0.49000
AAAAAAATGAGGCCGAAAATTTAGAGGAAA	296	0.01000
AAAAAAATGATGACAACAGCAATGTGGGAT	419	0.85000
AAAAAAATGATTCTTACCCATTGCAGGGGT	40	0.34000
AAAAAAATGCAACGTCTTACTTCATGGTTC	175	0.09000
AAAAAAATGCAACTAAAGAAGCACTGGAAG	417	0.39000
AAAAAAATGCAAGAAGATTATGATAGGATT	12	0.84000
AAAAAAATGCACAGCTGCAGTCCTTGGAGC	114	0.29000
AAAAAAATGCAGTGTAAGAAGCATTGGAAG	171	0.74000
AAAAAAATGCATCATACCTGACACTGGGTA	22	0.19000
AAAAAAATGCATTTGCAGTTCGATAGGCAG	314	0.31000
AAAAAAATGCCAAGCATGGGATCTAGGGAC	25	0.89000
AAAAAAATGCTGAACTCACCAGAGTGGCAA	15	0.65000
AAAAAAATGCTGTAGGAACTGAATGGGACA	381	0.19000
AAAAAAATGCTGTGCTAGACAGAATGGCGG	403	0.28000
AAAAAAATGCTTGCAAACATGTTCAGGGTA	13	0.37000
AAAAAAATGGAACAAATAAAAGCAGGGAAC	199	0.03000
AAAAAAATGGAATTCCTATTCGTACGGTCA	341	0.22000
AAAAAAATGGACAACAAAGAAATACGGAGA	5	0.02000
AAAAAAATGGACCAGATCTCAGAAAGGGAA	193	0.33000
AAAAAAATGGAGAAGCTGATGTCTGGGGAA	61	0.18000
AAAAAAATGGAGACAAATAATATTTGGCAT	296	0.67000
AAAAAAATGGATCCACTGCTTTGAAGGAGT	215	0.16000
AAAAAAATGGTATGGAAGAAATAATGGAAA	122	0.27000
AAAAAAATGGTGCTTACCATCATGAGGAGA	355	0.50000
AAAAAAATGTACATGGGTATATGGAGGCTG	458	0.74000
AAAAAAATGTAGCCAGTCCAAGCAGGGTGA	62	0.25000
AAAAAAATGTATTTTTCTGAAAAAAGGAAT	320	0.26000
AAAAAAATGTCTCTGTGATGACAATGGTCT	122	0.39000
AAAAAAATGTCTGGAGGCCAGAGCGGGTAT	268	0.60000
AAAAAAATGTCTTCAGATAACCAGTGGTCA	329	0.94000
AAAAAAATGTGAATCAGTCACTACTGGAAC	299	0.28000
AAAAAAATGTGCCAAAGATGAGGAGGGAAC	386	0.82000
AAAAAAATGTGCCTCCCTACCTTTCGGCAG	242	0.61000
AAAAAAATGTTAATTTACCTTGATGGGAAG	345	0.79000
AAAAAAATGTTGGTGCTTCGGTGCAGGCTT	205	0.21000
AAAAAAATGTTTAGATCTCAAACAAGGTAA	135	0.44000
AAAAAAATGTTTTATAAAAATCTCTGGTGG	374	0.32000
AAAAAAATTAAAATATAAACCTGTTGGTTG	15	0.51000
AAAAAAATTAAATTTTAACCATGAGGGAAA	84	0.53000
AAAAAAATTAACTAACCTGAAAAATGGATC	316	0.89000
AAAAAAATTAATACTTACTTCCACTGGCAA	66	0.32000
AAAAAAATTAGAGGGGATTCATGATGGAGC	210	0.30000
AAAAAAATTATACTTACATTTCCAGGGAAC	299	0.00000
AAAAAAATTATCATTACCTGATCAAGGTTT	379	0.62000
AAAAAAATTATCTCACACCAATCCTGGAGG	261	0.61000
AAAAAAATTATGAGTATAACCAATGGGGTA	488	0.88000
AAAAAAATTATGGCCCACGAGAGGCGGGAG	120	0.17000
AAAAAAATTATTGTTTATTCCAACGGGAAT	459	0.25000
AAAAAAATTCAACTTACGCCCCCCAGGCCA	112	0.75000
AAAAAAATTCAATGGAGATAGCAAAGGTAT	19	0.20000
AAAAAAATTCACTGCTGCACTCACAGGATC	87	0.13000
AAAAAAATTCATGCATCTCAACAAAGGTGG	212	0.19000
AAAAAAATTCCAGAGGGATAATAAAGGTAA	158	0.20000
AAAAAAATTCCTGGTTACCGTTGGGGGGAC	349	0.37000
AAAAAAATTCTGTAATCTAATACTTGGAAT	84	0.01000
AAAAAAATTCTGTAATCTGATTCTTGGAAT	171	0.22000
AAAAAAATTCTTTTGAGGTGGAAGTGGTCT	443	0.46000
AAAAAAATTGAAAAAAAGAAAAGAAGGTGC	57	0.33000
AAAAAAATTGAAAAAGAAGTCAGAAGGAGA	351	0.45000
AAAAAAATTGCTGTAGGAACTGAATGGGAC	235	0.32000
AAAAAAATTGGAGGCCTTTCCCCTGGGCAC	137	0.96000
AAAAAAATTGGCAAGCTACTTTATGGGAAG	361	0.24000
AAAAAAATTGGGAAACGTTGGGTTTGGAGC	365	0.10000
AAAAAAATTGGTTTCTCTGAGTCTAGGTTT	197	0.16000
AAAAAAATTGGTTTTTCGGTGTCTAGGTCT	413	0.62000
AAAAAAATTGTCAGTTCTGGGACTCGGGGG	354	0.77000
AAAAAAATTGTGTGATGTTACAACAGGACT	56	0.57000
AAAAAAATTGTTTTTTGACAGGGTTGGACA	376	0.96000
AAAAAAATTTAAACTAACCCGTAATGGACA	497	0.22000
AAAAAAATTTATTAAATTAGTGAAAGGAGA	341	0.17000
AAAAAAATTTCAACACAAATCTGCTGGAAT	81	0.63000
AAAAAAATTTCACTTACTTTGGACTGGAAA	472	0.68000
AAAAAAATTTGTAGTTACCTGCCATGGCTC	30	0.04000
AAAAAAATTTGTGAGTGAAAATGAAGGGGC	382	0.23000
AAAAAAATTTTAAATACCTTTGCTGGGTCA	77	0.56000
AAAAAAATTTTCTTTTCCACAATGTGGTTC	358	0.26000
AAAAAAATTTTGGATTGTATGTTCAGGAGA	262	0.27000
AAAAAAATTTTGTTGGACAAATTTTGGTGT	189	0.10000
AAAAAAATTTTTAAACATAAGTTTAGGTGA	271	0.44000
AAAAAAATTTTTACAATGAACATGAGGAGA	482	0.62000
AAAAAAATTTTTTTGAGGTGGAAGTGGTCT	279	0.90000
AAAAAAATTTTTTTTTACCATAACCGGAGG	319	0.06000
AAAAAACAAAAATATGAGCTGTGCAGGTGT	3	0.27000
AAAAAACAAAAATGGGAAGAAGCAAGGGCC	179	0.72000
AAAAAACAAAACTAACCTGGGTGTTGGGAT	276	0.67000
AAAAAACAAAACTAATTAGCTGCTTGGCGG	69	0.62000
AAAAAACAAAACTATTTTTACCTTTGGTGG	282	0.42000
AAAAAACAAAATAACAAGTGAAGGAGGGAA	298	0.41000
AAAAAACAAACAATTTACCTTTGCTGGATG	491	0.08000
AAAAAACAAACAGTACCTCGATTTGGGGTT	94	0.16000
AAAAAACAAACCATTCTAGGACCTTGGAAT	281	0.72000
AAAAAACAAAGATGGAAAAGACCAAGGTGA	246	0.95000
AAAAAACAAAGCCAATGCTGGAGACGGAGG	221	0.82000
AAAAAACAAAGCCAGAAATTTTAAAGGTAA	26	0.61000
AAAAAACAAAGGCAGCCGTAACTCAGGTTG	410	0.26000
AAAAAACAAAGTGCAGGGCTCTGAAGGGCA	444	0.35000
AAAAAACAAATCCATTTCATTTGCTGGATG	158	0.84000
AAAAAACAAATTAAATCAAGACTCTGGGAA	389	0.79000
AAAAAACAAATTCCGTGAGGAGCCTGGTTC	293	0.08000
AAAAAACAACAGAGAAGCAACTATTGGGGT	54	0.56000
AAAAAACAACAGAGAAGCTACTATTGGGGT	440	0.56000
AAAAAACAACAGCCGTATCAAGCTTGGCCT	307	0.79000
AAAAAACAACAGCTGTATAGCAAAAGGTAA	379	0.14000
AAAAAACAACAGTCACATTGTGTTTGGACT	481	0.31000
AAAAAACAACCACGACGGTGGCCCCGGCCT	449	0.99000
AAAAAACAACCCTCCAACTCTTATTGGAGA	11	0.02000
AAAAAACAACCTGAAGAAAGCCACAGGTAA	274	0.16000
AAAAAACAACGTAATGGGGGCATGAGGAAC	139	0.06000
AAAAAACAACTCAAAAAGGCCCACGGGACT	98	0.41000
AAAAAACAACTGAGCGAGAAAAGGTGGTTC	244	0.62000
AAAAAACAAGAAAGCTCATGCCCCAGGTAA	423	0.25000
AAAAAACAAGAAGACAAGGCGAGGTGGCTG	460	0.25000
AAAAAACAAGAAGGCACCCCTGAGGGGCTC	443	0.76000
AAAAAACAAGAAGTCACTGATAGGTGGTAA	208	0.79000
AAAAAACAAGAATTAGATAAGTTACGGAAT	64	0.22000
AAAAAACAAGGACATCCTACCTATGGGGTC	415	0.54000
AAAAAACAAGGATCCACTGGCTCCAGGGTT	92	0.35000
AAAAAACAAGGTGAAGGGGCAATCTGGGCG	260	0.56000
AAAAAACAATACCTTAGCACTGAGGGGCAG	192	0.78000
AAAAAACAATATCTCAAATCAAATTGGAAT	368	0.21000
AAAAAACAATGACCCTTTAGCAAAAGGAAT	229	0.23000
AAAAAACAATGGAATGCCCACCATAGGGAT	53	0.17000
AAAAAACAATGGTGCTGTTGTGGAAGGGGA	427	0.38000
AAAAAACACAAAGAAATAGCCTCGAGGAAA	300	0.82000
AAAAAACACAAATCAAGACATTTTTGGGTT	243	0.24000
AAAAAACACAACATCTTCAATTCCCGGAAG	5	0.34000
AAAAAACACAACATCTTGCTGGTTGGGTTT	423	0.43000
AAAAAACACAAGAAGGAAAAAAAGGGGGCC	160	0.34000
AAAAAACACAATAAACAGACAGGTAGGTCA	302	0.17000
AAAAAACACAATATCCTGCTGGTTGGGTTT	158	0.43000
AAAAAACACACATACACAGATCCCTGGAAC	386	0.70000
AAAAAACACAGAGAAATTAAACTACGGGAA	222	0.98000
AAAAAACACAGCTTTCTTAGTCAAAGGGAG	270	0.46000
AAAAAACACAGGAGCTTCTTCAGGAGGAGA	342	0.62000
AAAAAACACAGTGCCCAAGGATGTGGGGAA	265	0.96000
AAAAAACACATAGCAATTAAAAATGGGCTT	464	0.81000
AAAAAACACATCAGGTCCCATACTGGGGAG	63	0.20000
AAAAAACACATCATTCAAGACTGGTGGACA	147	0.38000
AAAAAACACCAAAGGAAGCTGTGAAGGTTG	213	0.13000
AAAAAACACCACCTCTGGAGGAACAGGCAG	472	0.52000
AAAAAACACCAGTCTCCTGAGAGAAGGAAG	493	0.00000
AAAAAACACCATGTTTTCTTCTCAAGGTAC	316	0.86000
AAAAAACACCCTTGCAGTGTGTGATGGAGG	441	0.14000
AAAAAACACCGCTGTTCCGTAACCAGGTCA	351	0.68000
AAAAAACACCTTCCTTTGCCTTTCAGGGTG	302	0.32000
AAAAAACACGGCTCCTCTCAGCAGGGGCGC	214	0.37000
AAAAAACACTCCAAAGAAATGACCAGGTCA	482	0.62000
AAAAAACACTGAAGAAGAGTTTTCAGGAGT	68	0.71000
AAAAAACACTGAAGTTGTGCATGTGGGGCG	0	0.46000
AAAAAACACTGAATCATACCTTACTGGTAC	167	0.00000
AAAAAACACTTACCAATGGAAAATTGGAGG	200	0.64000
AAAAAACACTTACGATTTTGCACGTGGCTC	279	0.01000
AAAAAACACTTCTGTTTCTCTCAGTGGAGT	11	0.26000
AAAAAACAGAAAAGAAGCCAGCGGAGGAGA	50	0.46000
AAAAAACAGAAAATGGGGAACCAAAGGAAA	89	0.03000
AAAAAACAGAAACAAGGGAAAGACGGGTGA	13	0.27000
AAAAAACAGAAGACGCTCTGCAAAAGGTAT	430	0.40000
AAAAAACAGAAGATAACTCACCTGGGGGAT	137	0.94000
AAAAAACAGAAGCATTTCCCTGAGAGGAGC	191	0.41000
AAAAAACAGAATTGCAATAACTTTCGGTTG	279	0.26000
AAAAAACAGACCACATATTCTGAAGGGTTA	69	0.23000
AAAAAACAGACGAGCCAGACTAAGAGGAGG	185	0.51000
AAAAAACAGACTGACCCCTCCAGCAGGCTT	323	0.30000
AAAAAACAGACTTACAAGTGGAGTGGGTTT	339	0.90000
AAAAAACAGAGAAAGGAAACTCAGCGGAAA	322	0.72000
AAAAAACAGAGAGGTGACAGCCACAGGTGG	480	0.52000
AAAAAACAGAGCAAATACCTGAATGGGGGG	96	0.92000
AAAAAACAGAGGAAAATTCTATGGAGGAAA	316	0.24000
AAAAAACAGAGGCATTTGGAGTTCTGGCCG	23	0.98000
AAAAAACAGATGATCCTATAGATGAGGAAG	429	0.25000
AAAAAACAGATTATAACGACTATGGGGATT	451	0.20000
AAAAAACAGATTTCATAAAAATAGTGGTAA	80	0.53000
AAAAAACAGCAAAGGAGCTAGAAGAGGAGG	256	0.20000
AAAAAACAGCAAATTCCTTAATTTTGGTAA	397	0.81000
AAAAAACAGCAAATTCCTTAATTTTGGTGA	102	0.65000
AAAAAACAGCAGTCACACTGTGCTTGGACT	54	0.48000
AAAAAACAGCAGTGTGATGAAAGCAGGGAA	251	0.01000
AAAAAACAGCCCACTTTCTTCCTATGGCAA	28	0.77000
AAAAAACAGCCCATTTTCTTCCTATGGCAA	58	0.46000
AAAAAACAGCGTGTCACAAAGCAGTGGTGA	3	0.86000
AAAAAACAGCTCGACTCACTATCAGGGGAC	118	0.67000
AAAAAACAGGAAAAAGCCCTTCGGCGGCTC	278	0.47000
AAAAAACAGGAAAAAGCTGGGAGCAGGAGA	218	0.06000
AAAAAACAGGAAAGAAGAAACTGTAGGATA	118	0.29000
AAAAAACAGGAAATGAGATGGAAAAGGAAT	56	0.26000
AAAAAACAGGAACTTTTGTCTGCCAGGGGT	395	0.50000
AAAAAACAGGAATGTCTGGCAGTCAGGACT	299	0.57000
AAAAAACAGGACAGTGTAGAGCAGTGGGAA	474	0.03000
AAAAAACAGGAGAAATCACGACAAAGGATG	295	0.91000
AAAAAACAGGAGCCAGAACAAGCAGGGGTT	340	0.14000
AAAAAACAGGAGTCAGAACAAGCAGGGGTT	184	0.28000
AAAAAACAGGATACTGAAGCAGCCAGGAAA	40	0.89000
AAAAAACAGGATGACCAAATTGAGCGGCTT	168	0.04000
AAAAAACAGGCGCGCAAGGTCCGGAGGCTG	441	0.95000
AAAAAACAGGGCGGGAGTGGTATGTGGCCC	354	0.06000
AAAAAACAGGGTGGTGACCCATTCTGGGGG	426	0.74000
AAAAAACAGGTTTGGCTTTGCAAACGGAGG	401	0.29000
AAAAAACAGTAACGCTGATGATAAAGGGCG	118	0.30000
AAAAAACAGTAATACATTTATCAATGGGAA	467	0.93000
AAAAAACAGTAGCCGAAAAGTAAAAGGCAA	353	0.49000
AAAAAACAGTATTTTCTCAACTATTGGGTT	395	0.21000
AAAAAACAGTGAAAAATATGGAGATGGATA	186	0.20000
AAAAAACAGTGAAACACCTCTTTAAGGGAA	316	0.63000
AAAAAACAGTGAAGGAGCGGGAAGAGGAGA	383	0.15000
AAAAAACAGTGAGAAATACGGAGATGGATA	93	0.90000
AAAAAACAGTGGTCTCTCCAGGTCTGGGAC	412	0.03000
AAAAAACAGTGTGGTGACCCACTCCGGGGG	441	0.31000
AAAAAACAGTTAAATATGGGAGTTGGGAGA	321	0.62000
AAAAAACAGTTCCCCATTCTGAACAGGCTC	53	0.78000
AAAAAACAGTTGTCAAACAAGGACTGGAGG	133	0.02000
AAAAAACAGTTTCACCGGCCAGTGGGGCCC	152	0.22000
AAAAAACAGTTTTTACCTTGATGTTGGGAT	352	0.47000
AAAAAACATAAGATAATCCATACTGGGGAA	81	0.44000
AAAAAACATACATGCAATGAATGTGGGAAA	340	0.06000
AAAAAACATACCTGTTGATCTCCAAGGAAA	107	0.94000
AAAAAACATACTCTGTCAAAGTCCTGGCTT	438	0.64000
AAAAAACATATAAATACAATGAATGGGAGA	456	0.67000
AAAAAACATATACTTGGAATACAAAGGAGG	104	0.78000
AAAAAACATATCAAAGATGTCCATGGGGGA	1	0.00000
AAAAAACATATGCTCTGAGTTGCCAGGATC	348	0.91000
AAAAAACATATTTAAAAAAAATTCTGGCGG	135	0.25000
AAAAAACATATTTAAAAAACATTCTGGAGG	148	0.97000
AAAAAACATATTTGAGAAGAGGTAAGGACC	356	0.26000
AAAAAACATCACTCCCTCGGACATCGGCCT	482	0.38000
AAAAAACATCAGAAACAGAAGGATGGGTGG	391	0.52000
AAAAAACATCAGCGCTTCAGGAGGAGGCTG	136	0.88000
AAAAAACATCCAACAACACAGGGGAGGCAA	489	0.42000
AAAAAACATCCGAAGTCATGACCTGGGAAA	331	0.27000
AAAAAACATCCGAAGTCATGACCTGGGATA	102	0.17000
AAAAAACATCCGAGCAGCTTCATAAGGCTG	38	0.49000
AAAAAACATCGATCCCCAGAGAGAAGGAAG	232	0.47000
AAAAAACATCTCAGTCTCCACAGGAGGGCA	90	0.61000
AAAAAACATCTCTACTATGGAATCTGGTAA	10	0.06000
AAAAAACATGAAGAAAAAACATGATGGCAT	470	0.95000
AAAAAACATGAAGAAGCAGAGAAGCGGAAG	75	0.06000
AAAAAACATGAATGTGGAGAATGTGGGAAA	127	0.58000
AAAAAACATGAGAGAATTCATACTGGGGAG	475	0.76000
AAAAAACATGATGCCAGCAGAGAAGGGCCG	164	0.13000
AAAAAACATGATGCCGGCAGAGAAGGGCCT	27	0.63000
AAAAAACATGCATTGTCCAGCATCAGGTAT	297	0.65000
AAAAAACATGCGAGCGGCTTCGTAAGGCTG	132	0.83000
AAAAAACATGCGTGTGCTAAAATGTGGGCA	238	0.38000
AAAAAACATGCTTTTCTTGGGCATTGGTAG	463	0.85000
AAAAAACATGGAGTCTATTGGGTTAGGAAT	127	0.16000
AAAAAACATGGTACCTGTGTAGTCTGGATG	86	0.74000
AAAAAACATGTTCCATTATGTTGGTGGTAT	369	0.55000
AAAAAACATGTTCCTTCAAAGAAAAGGCTT	475	0.48000
AAAAAACATTAATGGACATGTGGAAGGCCC	423	0.61000
AAAAAACATTCAAGAACTTATTCATGGAGC	85	0.27000
AAAAAACATTCCTTCGGAACTGAAGGGAAG	39	0.77000
AAAAAACATTCGCATTGGAATTGAAGGTAA	67	0.25000
AAAAAACATTGCAAACATGTGTCGTGGGAT	153	0.93000
AAAAAACATTGCTCAAAAAAGTAAAGGTAA	323	0.78000
AAAAAACATTTACCTGCCAGATCAAGGGGG	388	0.12000
AAAAAACCAAAACTTTACTTTAGTTGGGCA	473	0.01000
AAAAAACCAACAACGACAAAAATAGGGCTG	405	0.34000
AAAAAACCAACTGAGAAATGAGAATGGGTG	315	0.94000
AAAAAACCAAGCAAATCCAAGATATGGCTG	192	0.37000
AAAAAACCAAGCTCCTCCTCTTTAAGGAAC	357	0.00000
AAAAAACCAAGGCCACAGCTCCAATGGATA	109	0.09000
AAAAAACCAATGTCTTAACAAGGTTGGCAT	284	0.03000
AAAAAACCACACTCACCATGGTCCGGGAAT	296	0.46000
AAAAAACCACCAAAAGAGATCCATTGGCAC	264	0.45000
AAAAAACCACCTTGGCTCGAACCCTGGAGA	384	0.84000
AAAAAACCACGTATGCAGTGAATGTGGGAA	117	0.67000
AAAAAACCACTGGGAAGAATATGCGGGACC	258	0.98000
AAAAAACCAGAAGGAGAGGATCGGAGGTAC	303	0.69000
AAAAAACCAGAGAAGAGACTGAGACGGCAT	112	0.05000
AAAAAACCAGAGAGCTTTGAAACTGGGTAC	321	0.46000
AAAAAACCAGATCAGATCGAAGGTTGGGAG	205	0.61000
AAAAAACCAGATCCTTTTAAAATCTGGGCC	191	0.86000
AAAAAACCAGATGAAATTGAAGGTTGGGAG	455	0.51000
AAAAAACCAGATGGGGAATAAAGCCGGATT	369	0.68000
AAAAAACCAGTGCAGGACTGTCCAAGGATG	476	0.39000
AAAAAACCAGTGGAGGACTGTCCAAGGATG	190	0.26000
AAAAAACCATAGGAAAAGGCAGGCAGGCTT	295	0.26000
AAAAAACCATGAAGCTGGAACATCAGGTAA	354	0.22000
AAAAAACCATGAATTTACCTGCTGAGGTTC	339	0.84000
AAAAAACCATGCTAACTTTAACTTTGGTAT	150	0.56000
AAAAAACCATGGAATATAGCATGGTGGGAA	313	0.32000
AAAAAACCATGGCAGCAAGGCGGATGGCGC	64	0.79000
AAAAAACCATGGCCACGTGTCTCCTGGTTG	349	0.13000
AAAAAACCATTTTATGGATTATAAGGGAAA	304	0.94000
AAAAAACCATTTTCAGGAGGCTTCAGGGCA	169	0.58000
AAAAAACCCAAGTTCTGCAGCCTGAGGAGA	433	0.84000
AAAAAACCCACAAGTGCCTTCAGATGGGGG	13	0.21000
AAAAAACCCACCAAAGCCAGGGTCAGGTCA	242	0.99000
AAAAAACCCACTATATTTTGATGATGGGCT	23	0.32000
AAAAAACCCAGAAGGTTGATCAAATGGAGG	10	0.40000
AAAAAACCCAGCATGAGTCCGAACTGGAGC	46	0.47000
AAAAAACCCAGCTGATTTCTGAGCTGGCAG	279	0.31000
AAAAAACCCAGGCCTATGTATTGGAGGCAC	122	0.99000
AAAAAACCCATTCAGATTCCTCCTGGGCCT	23	0.74000
AAAAAACCCATTCCCACACTAGCTCGGACT	24	0.40000
AAAAAACCCATTGTGACTGCAATGTGGACT	359	0.88000
AAAAAACCCCAGAAATCCTCAGGGTGGCTC	71	0.42000
AAAAAACCCCTTTACTTACCAAGTTGGCCA	148	0.93000
AAAAAACCCCTTTGATGAAACATTTGGAAA	184	0.41000
AAAAAACCCGTCGGGCGAAGCACGAGGACG	77	0.86000
AAAAAACCCGTTATGACTAATCCTTGGGAA	258	0.29000
AAAAAACCCTACCCTTACCTGCCAGGGTAG	72	0.93000
AAAAAACCCTACCTTTTTTGTTGAAGGAGG	481	0.41000
AAAAAACCCTGGCCCAGAGTATCCTGGTTG	95	0.57000
AAAAAACCCTGTTACAGTAATACGTGGCCT	445	0.94000
AAAAAACCCTGTTACAGTAATTCGCGGTCT	188	0.45000
AAAAAACCCTTACCACACTTGCTGAGGTGT	26	0.32000
AAAAAACCCTTATCAGGATACTGTAGGTGA	179	0.63000
AAAAAACCGCCAGCGTCATCTAATGGGGTT	401	0.73000
AAAAAACCGGAGTTCTATTAGAGCTGGAAG	7	0.94000
AAAAAACCGGTTGCAGAGGCCTTCTGGGGA	465	0.96000
AAAAAACCGTCTTTGCCGAAATCTAGGAAA	63	0.24000
AAAAAACCTACCTCTTTGGTTGCCTGGACT	94	0.26000
AAAAAACCTACCTGAAGACTGCAAGGGTCA	114	0.57000
AAAAAACCTACCTTCCGCCATGTCGGGCCC	91	0.00000
AAAAAACCTACTCCTTTCGTGTGAAGGATG	288	0.60000
AAAAAACCTAGTAGTCACAGAGACTGGAGA	240	0.55000
AAAAAACCTATGAACTTGTGTGTCAGGAAG	372	0.69000
AAAAAACCTCAAAAACCCATTCCACGGCCT	283	0.09000
AAAAAACCTCAGAAAAAGGTCTCACGGCAG	78	0.61000
AAAAAACCTCATGTCATACATCGAGGGTTC	109	0.07000
AAAAAACCTCGCAGGTAGCGCTGCAGGGTG	206	0.54000
AAAAAACCTCTCAGGCGCTTAGCATGGAGG	64	0.36000
AAAAAACCTCTTACTCTGAAGAAACGGTAG	68	0.69000
